{
  "benchmark": "cuda_cpp",
  "language": "cuda_cpp",
  "device": "NVIDIA GeForce RTX 3080 Ti",
  "compute_capability": [8, 6],
  "multiprocessors": 80,
  "array_size": 20000000,
  "warmup_runs": 5,
  "bench_runs": 10,
  "implementations": {
    "cuda_fp64": {
      "min": 0.004108,
      "max": 0.008052,
      "mean": 0.005301,
      "runs": [0.004133, 0.004462, 0.008052, 0.004139, 0.004447, 0.007844, 0.004140, 0.006996, 0.004688, 0.004108],
      "checksum": -3808100.72,
      "dtype": "float64"
    },
    "cuda_fp32": {
      "min": 0.000206,
      "max": 0.000211,
      "mean": 0.000208,
      "runs": [0.000208, 0.000209, 0.000207, 0.000207, 0.000206, 0.000211, 0.000206, 0.000207, 0.000208, 0.000207],
      "checksum": -3808101.26,
      "dtype": "float32"
    },
    "cuda_fp32_intrinsics": {
      "min": 0.000205,
      "max": 0.000208,
      "mean": 0.000206,
      "runs": [0.000207, 0.000205, 0.000205, 0.000206, 0.000207, 0.000207, 0.000205, 0.000208, 0.000207, 0.000206],
      "checksum": -3808101.26,
      "dtype": "float32"
    }
  }
}
