{
  "benchmark": "numba_cpu",
  "language": "python",
  "array_size": 20000000,
  "dtype": "float64",
  "threads": 64,
  "warmup_runs": 3,
  "bench_runs": 5,
  "implementations": {
    "pure_python": {
      "min": 6.650597392581403,
      "estimated": true,
      "sample_size": 100000
    },
    "numba_jit": {
      "min": 0.558297042036429,
      "max": 0.5609887559548952,
      "mean": 0.5592367047909648,
      "runs": [
        0.5609887559548952,
        0.558297042036429,
        0.5592625549761578,
        0.5588428609771654,
        0.5587923100101762
      ],
      "checksum": -3821305.5334574683
    },
    "numba_parallel": {
      "min": 0.015546820999588817,
      "max": 0.017146285972557962,
      "mean": 0.01628458419581875,
      "runs": [
        0.017146285972557962,
        0.01556911098305136,
        0.016215344017837197,
        0.016945359006058425,
        0.015546820999588817
      ],
      "checksum": -3821305.5334574683
    },
    "numba_vectorize_parallel": {
      "min": 0.014860045979730785,
      "max": 0.016953698999714106,
      "mean": 0.01569182159146294,
      "runs": [
        0.01565190398832783,
        0.014860045979730785,
        0.014926959993317723,
        0.016953698999714106,
        0.016066498996224254
      ],
      "checksum": -3821305.5334574683
    },
    "numpy_vectorized": {
      "min": 0.6672991829691455,
      "max": 0.6711736169527285,
      "mean": 0.66848495939048,
      "runs": [
        0.6711736169527285,
        0.6683353980188258,
        0.6672991829691455,
        0.6674747180077247,
        0.6681418810039759
      ],
      "checksum": -3821305.5334574683
    }
  }
}