{
  "benchmark": "numba_cuda",
  "language": "python",
  "device": "NVIDIA GeForce RTX 3080 Ti",
  "compute_capability": [
    8,
    6
  ],
  "array_size": 20000000,
  "warmup_runs": 5,
  "bench_runs": 10,
  "implementations": {
    "numba_cuda_fp64": {
      "min": 0.0041378840105608106,
      "max": 0.007422917988151312,
      "mean": 0.005194661702262238,
      "runs": [
        0.004138014046475291,
        0.004398062999825925,
        0.007374157023150474,
        0.0041378840105608106,
        0.00439056201139465,
        0.007405507960356772,
        0.004140114004258066,
        0.004399142984766513,
        0.007422917988151312,
        0.004140253993682563
      ],
      "checksum": -3821305.5334574683,
      "dtype": "float64"
    },
    "numba_cuda_fp32": {
      "min": 0.0025178780197165906,
      "max": 0.005283094011247158,
      "mean": 0.003393678995780647,
      "runs": [
        0.003658197005279362,
        0.002648241992574185,
        0.0025178780197165906,
        0.0028972899890504777,
        0.005283094011247158,
        0.003619746014010161,
        0.0026473919861018658,
        0.0025221179821528494,
        0.0028924199868924916,
        0.005250412970781326
      ],
      "checksum": -3821305.5,
      "dtype": "float32"
    }
  }
}