{
  "benchmark": "rust_cpu",
  "language": "rust",
  "array_size": 20000000,
  "dtype": "float64",
  "threads": 64,
  "warmup_runs": 3,
  "bench_runs": 5,
  "implementations": {
    "rust_single": {
      "min": 0.555616539,
      "max": 0.556604234,
      "mean": 0.5560995458,
      "runs": [
        0.556184789,
        0.555638629,
        0.556604234,
        0.556453538,
        0.555616539
      ],
      "checksum": -3830185.09274969
    },
    "rust_parallel": {
      "min": 0.012585598,
      "max": 0.014390791,
      "mean": 0.0134480656,
      "runs": [
        0.013054184,
        0.014390791,
        0.013913433,
        0.012585598,
        0.013296322
      ],
      "checksum": -3830185.09274969
    },
    "rust_parallel_chunks": {
      "min": 0.01238574,
      "max": 0.014853367,
      "mean": 0.013317775199999998,
      "runs": [
        0.013046664,
        0.01264443,
        0.01238574,
        0.014853367,
        0.013658675
      ],
      "checksum": -3830185.09274969
    }
  }
}